-- MySQL dump 10.13  Distrib 8.0.40, for Win64 (x86_64)
--
-- Host: localhost    Database: attendance_system
-- ------------------------------------------------------
-- Server version	8.0.40

/*!40101 SET @OLD_CHARACTER_SET_CLIENT=@@CHARACTER_SET_CLIENT */;
/*!40101 SET @OLD_CHARACTER_SET_RESULTS=@@CHARACTER_SET_RESULTS */;
/*!40101 SET @OLD_COLLATION_CONNECTION=@@COLLATION_CONNECTION */;
/*!50503 SET NAMES utf8mb4 */;
/*!40103 SET @OLD_TIME_ZONE=@@TIME_ZONE */;
/*!40103 SET TIME_ZONE='+00:00' */;
/*!40014 SET @OLD_UNIQUE_CHECKS=@@UNIQUE_CHECKS, UNIQUE_CHECKS=0 */;
/*!40014 SET @OLD_FOREIGN_KEY_CHECKS=@@FOREIGN_KEY_CHECKS, FOREIGN_KEY_CHECKS=0 */;
/*!40101 SET @OLD_SQL_MODE=@@SQL_MODE, SQL_MODE='NO_AUTO_VALUE_ON_ZERO' */;
/*!40111 SET @OLD_SQL_NOTES=@@SQL_NOTES, SQL_NOTES=0 */;

--
-- Table structure for table `attendance`
--

DROP TABLE IF EXISTS `attendance`;
/*!40101 SET @saved_cs_client     = @@character_set_client */;
/*!50503 SET character_set_client = utf8mb4 */;
CREATE TABLE `attendance` (
  `id` int NOT NULL AUTO_INCREMENT,
  `student_id` int DEFAULT NULL,
  `date` date DEFAULT NULL,
  `subject_code` varchar(20) DEFAULT NULL,
  `status` tinyint(1) DEFAULT NULL,
  PRIMARY KEY (`id`),
  KEY `student_id` (`student_id`),
  CONSTRAINT `attendance_ibfk_1` FOREIGN KEY (`student_id`) REFERENCES `students` (`id`)
) ENGINE=InnoDB DEFAULT CHARSET=utf8mb4 COLLATE=utf8mb4_0900_ai_ci;
/*!40101 SET character_set_client = @saved_cs_client */;

--
-- Dumping data for table `attendance`
--

LOCK TABLES `attendance` WRITE;
/*!40000 ALTER TABLE `attendance` DISABLE KEYS */;
/*!40000 ALTER TABLE `attendance` ENABLE KEYS */;
UNLOCK TABLES;
/*!50003 SET @saved_cs_client      = @@character_set_client */ ;
/*!50003 SET @saved_cs_results     = @@character_set_results */ ;
/*!50003 SET @saved_col_connection = @@collation_connection */ ;
/*!50003 SET character_set_client  = cp850 */ ;
/*!50003 SET character_set_results = cp850 */ ;
/*!50003 SET collation_connection  = cp850_general_ci */ ;
/*!50003 SET @saved_sql_mode       = @@sql_mode */ ;
/*!50003 SET sql_mode              = 'ONLY_FULL_GROUP_BY,STRICT_TRANS_TABLES,NO_ZERO_IN_DATE,NO_ZERO_DATE,ERROR_FOR_DIVISION_BY_ZERO,NO_ENGINE_SUBSTITUTION' */ ;
DELIMITER ;;
/*!50003 CREATE*/ /*!50017 DEFINER=`root`@`localhost`*/ /*!50003 TRIGGER `update_attendance_percentage` AFTER INSERT ON `attendance` FOR EACH ROW BEGIN
    DECLARE total_days INT;
    DECLARE present_days INT;
    DECLARE percentage DECIMAL(5,2);

    
    SELECT COUNT(*) INTO total_days 
    FROM attendance 
    WHERE student_id = NEW.student_id;

    
    SELECT COUNT(*) INTO present_days 
    FROM attendance 
    WHERE student_id = NEW.student_id AND status = 1;

    
    IF total_days > 0 THEN
        SET percentage = (present_days / total_days) * 100;
    ELSE
        SET percentage = 0;
    END IF;

    
    UPDATE students 
    SET attendance_percentage = percentage 
    WHERE id = NEW.student_id;
END */;;
DELIMITER ;
/*!50003 SET sql_mode              = @saved_sql_mode */ ;
/*!50003 SET character_set_client  = @saved_cs_client */ ;
/*!50003 SET character_set_results = @saved_cs_results */ ;
/*!50003 SET collation_connection  = @saved_col_connection */ ;

--
-- Table structure for table `attendance_records`
--

DROP TABLE IF EXISTS `attendance_records`;
/*!40101 SET @saved_cs_client     = @@character_set_client */;
/*!50503 SET character_set_client = utf8mb4 */;
CREATE TABLE `attendance_records` (
  `id` int NOT NULL AUTO_INCREMENT,
  `student_id` int NOT NULL,
  `subject_code` varchar(50) NOT NULL,
  `date` date NOT NULL,
  `attendance` tinyint(1) NOT NULL,
  PRIMARY KEY (`id`),
  KEY `student_id` (`student_id`),
  KEY `subject_code` (`subject_code`),
  CONSTRAINT `attendance_records_ibfk_1` FOREIGN KEY (`student_id`) REFERENCES `students` (`id`),
  CONSTRAINT `attendance_records_ibfk_2` FOREIGN KEY (`subject_code`) REFERENCES `student_subjects` (`subject_code`)
) ENGINE=InnoDB AUTO_INCREMENT=782 DEFAULT CHARSET=utf8mb4 COLLATE=utf8mb4_0900_ai_ci;
/*!40101 SET character_set_client = @saved_cs_client */;

--
-- Dumping data for table `attendance_records`
--

LOCK TABLES `attendance_records` WRITE;
/*!40000 ALTER TABLE `attendance_records` DISABLE KEYS */;
INSERT INTO `attendance_records` VALUES (1,1,'CO215','2025-01-04',0),(2,2,'CO215','2025-01-04',0),(3,3,'CO215','2025-01-04',0),(4,4,'CO215','2025-01-04',0),(5,5,'CO215','2025-01-04',0),(6,6,'CO215','2025-01-04',0),(7,7,'CO215','2025-01-04',0),(8,8,'CO215','2025-01-04',0),(9,9,'CO215','2025-01-04',0),(10,10,'CO215','2025-01-04',0),(11,11,'CO215','2025-01-04',0),(12,12,'CO215','2025-01-04',0),(13,13,'CO215','2025-01-04',0),(14,14,'CO215','2025-01-04',0),(15,15,'CO215','2025-01-04',0),(16,16,'CO215','2025-01-04',0),(17,17,'CO215','2025-01-04',0),(18,18,'CO215','2025-01-04',0),(19,19,'CO215','2025-01-04',0),(20,20,'CO215','2025-01-04',0),(21,21,'CO215','2025-01-04',0),(22,22,'CO215','2025-01-04',0),(23,23,'CO215','2025-01-04',0),(24,24,'CO215','2025-01-04',0),(25,25,'CO215','2025-01-04',0),(26,26,'CO215','2025-01-04',0),(27,27,'CO215','2025-01-04',0),(28,28,'CO215','2025-01-04',0),(29,29,'CO215','2025-01-04',0),(30,30,'CO215','2025-01-04',0),(31,31,'CO215','2025-01-04',0),(32,32,'CO215','2025-01-04',0),(33,33,'CO215','2025-01-04',0),(34,34,'CO215','2025-01-04',0),(35,35,'CO215','2025-01-04',0),(36,36,'CO215','2025-01-04',0),(37,37,'CO215','2025-01-04',0),(38,38,'CO215','2025-01-04',0),(39,39,'CO215','2025-01-04',0),(40,40,'CO215','2025-01-04',0),(41,41,'CO215','2025-01-04',0),(42,42,'CO215','2025-01-04',0),(43,43,'CO215','2025-01-04',0),(44,44,'CO215','2025-01-04',1),(45,45,'CO215','2025-01-04',1),(46,46,'CO215','2025-01-04',1),(47,47,'CO215','2025-01-04',1),(48,48,'CO215','2025-01-04',0),(49,49,'CO215','2025-01-04',0),(50,50,'CO215','2025-01-04',0),(51,51,'CO215','2025-01-04',0),(52,52,'CO215','2025-01-04',0),(53,53,'CO215','2025-01-04',0),(54,54,'CO215','2025-01-04',0),(55,55,'CO215','2025-01-04',0),(56,56,'CO215','2025-01-04',0),(57,57,'CO215','2025-01-04',0),(58,58,'CO215','2025-01-04',0),(59,59,'CO215','2025-01-04',0),(60,60,'CO215','2025-01-04',0),(61,61,'CO215','2025-01-04',0),(62,62,'CO215','2025-01-04',0),(63,63,'CO215','2025-01-04',0),(64,64,'CO215','2025-01-04',1),(65,65,'CO215','2025-01-04',1),(66,66,'CO215','2025-01-04',1),(67,67,'CO215','2025-01-04',1),(68,68,'CO215','2025-01-04',1),(69,69,'CO215','2025-01-04',0),(70,70,'CO215','2025-01-04',0),(71,71,'CO215','2025-01-04',0),(72,1,'CO321','2025-01-11',1),(73,2,'CO321','2025-01-11',1),(74,3,'CO321','2025-01-11',1),(75,4,'CO321','2025-01-11',0),(76,5,'CO321','2025-01-11',0),(77,6,'CO321','2025-01-11',0),(78,7,'CO321','2025-01-11',0),(79,8,'CO321','2025-01-11',0),(80,9,'CO321','2025-01-11',0),(81,10,'CO321','2025-01-11',0),(82,11,'CO321','2025-01-11',0),(83,12,'CO321','2025-01-11',0),(84,13,'CO321','2025-01-11',0),(85,14,'CO321','2025-01-11',0),(86,15,'CO321','2025-01-11',0),(87,16,'CO321','2025-01-11',0),(88,17,'CO321','2025-01-11',0),(89,18,'CO321','2025-01-11',0),(90,19,'CO321','2025-01-11',0),(91,20,'CO321','2025-01-11',0),(92,21,'CO321','2025-01-11',0),(93,22,'CO321','2025-01-11',0),(94,23,'CO321','2025-01-11',0),(95,24,'CO321','2025-01-11',0),(96,25,'CO321','2025-01-11',0),(97,26,'CO321','2025-01-11',0),(98,27,'CO321','2025-01-11',0),(99,28,'CO321','2025-01-11',0),(100,29,'CO321','2025-01-11',0),(101,30,'CO321','2025-01-11',0),(102,31,'CO321','2025-01-11',0),(103,32,'CO321','2025-01-11',0),(104,33,'CO321','2025-01-11',0),(105,34,'CO321','2025-01-11',0),(106,35,'CO321','2025-01-11',0),(107,36,'CO321','2025-01-11',0),(108,37,'CO321','2025-01-11',0),(109,38,'CO321','2025-01-11',0),(110,39,'CO321','2025-01-11',0),(111,40,'CO321','2025-01-11',0),(112,41,'CO321','2025-01-11',0),(113,42,'CO321','2025-01-11',0),(114,43,'CO321','2025-01-11',0),(115,44,'CO321','2025-01-11',0),(116,45,'CO321','2025-01-11',0),(117,46,'CO321','2025-01-11',0),(118,47,'CO321','2025-01-11',0),(119,48,'CO321','2025-01-11',1),(120,49,'CO321','2025-01-11',1),(121,50,'CO321','2025-01-11',1),(122,51,'CO321','2025-01-11',0),(123,52,'CO321','2025-01-11',0),(124,53,'CO321','2025-01-11',0),(125,54,'CO321','2025-01-11',0),(126,55,'CO321','2025-01-11',0),(127,56,'CO321','2025-01-11',0),(128,57,'CO321','2025-01-11',0),(129,58,'CO321','2025-01-11',0),(130,59,'CO321','2025-01-11',0),(131,60,'CO321','2025-01-11',0),(132,61,'CO321','2025-01-11',0),(133,62,'CO321','2025-01-11',0),(134,63,'CO321','2025-01-11',0),(135,64,'CO321','2025-01-11',0),(136,65,'CO321','2025-01-11',0),(137,66,'CO321','2025-01-11',0),(138,67,'CO321','2025-01-11',1),(139,68,'CO321','2025-01-11',1),(140,69,'CO321','2025-01-11',0),(141,70,'CO321','2025-01-11',0),(142,71,'CO321','2025-01-11',0),(143,1,'CO321','2025-01-01',1),(144,2,'CO321','2025-01-01',1),(145,3,'CO321','2025-01-01',1),(146,4,'CO321','2025-01-01',1),(147,5,'CO321','2025-01-01',0),(148,6,'CO321','2025-01-01',0),(149,7,'CO321','2025-01-01',0),(150,8,'CO321','2025-01-01',0),(151,9,'CO321','2025-01-01',0),(152,10,'CO321','2025-01-01',0),(153,11,'CO321','2025-01-01',0),(154,12,'CO321','2025-01-01',0),(155,13,'CO321','2025-01-01',0),(156,14,'CO321','2025-01-01',0),(157,15,'CO321','2025-01-01',0),(158,16,'CO321','2025-01-01',0),(159,17,'CO321','2025-01-01',0),(160,18,'CO321','2025-01-01',0),(161,19,'CO321','2025-01-01',0),(162,20,'CO321','2025-01-01',0),(163,21,'CO321','2025-01-01',0),(164,22,'CO321','2025-01-01',0),(165,23,'CO321','2025-01-01',0),(166,24,'CO321','2025-01-01',0),(167,25,'CO321','2025-01-01',0),(168,26,'CO321','2025-01-01',0),(169,27,'CO321','2025-01-01',0),(170,28,'CO321','2025-01-01',0),(171,29,'CO321','2025-01-01',0),(172,30,'CO321','2025-01-01',0),(173,31,'CO321','2025-01-01',0),(174,32,'CO321','2025-01-01',0),(175,33,'CO321','2025-01-01',0),(176,34,'CO321','2025-01-01',0),(177,35,'CO321','2025-01-01',0),(178,36,'CO321','2025-01-01',0),(179,37,'CO321','2025-01-01',0),(180,38,'CO321','2025-01-01',0),(181,39,'CO321','2025-01-01',0),(182,40,'CO321','2025-01-01',0),(183,41,'CO321','2025-01-01',0),(184,42,'CO321','2025-01-01',0),(185,43,'CO321','2025-01-01',0),(186,44,'CO321','2025-01-01',0),(187,45,'CO321','2025-01-01',0),(188,46,'CO321','2025-01-01',0),(189,47,'CO321','2025-01-01',0),(190,48,'CO321','2025-01-01',0),(191,49,'CO321','2025-01-01',0),(192,50,'CO321','2025-01-01',0),(193,51,'CO321','2025-01-01',0),(194,52,'CO321','2025-01-01',0),(195,53,'CO321','2025-01-01',0),(196,54,'CO321','2025-01-01',0),(197,55,'CO321','2025-01-01',0),(198,56,'CO321','2025-01-01',0),(199,57,'CO321','2025-01-01',0),(200,58,'CO321','2025-01-01',0),(201,59,'CO321','2025-01-01',0),(202,60,'CO321','2025-01-01',0),(203,61,'CO321','2025-01-01',0),(204,62,'CO321','2025-01-01',0),(205,63,'CO321','2025-01-01',0),(206,64,'CO321','2025-01-01',1),(207,65,'CO321','2025-01-01',1),(208,66,'CO321','2025-01-01',1),(209,67,'CO321','2025-01-01',1),(210,68,'CO321','2025-01-01',1),(211,69,'CO321','2025-01-01',0),(212,70,'CO321','2025-01-01',1),(213,71,'CO321','2025-01-01',1),(214,1,'CO321','2025-01-02',1),(215,2,'CO321','2025-01-02',1),(216,3,'CO321','2025-01-02',1),(217,4,'CO321','2025-01-02',1),(218,5,'CO321','2025-01-02',0),(219,6,'CO321','2025-01-02',0),(220,7,'CO321','2025-01-02',0),(221,8,'CO321','2025-01-02',0),(222,9,'CO321','2025-01-02',0),(223,10,'CO321','2025-01-02',0),(224,11,'CO321','2025-01-02',0),(225,12,'CO321','2025-01-02',0),(226,13,'CO321','2025-01-02',0),(227,14,'CO321','2025-01-02',0),(228,15,'CO321','2025-01-02',0),(229,16,'CO321','2025-01-02',0),(230,17,'CO321','2025-01-02',0),(231,18,'CO321','2025-01-02',0),(232,19,'CO321','2025-01-02',0),(233,20,'CO321','2025-01-02',0),(234,21,'CO321','2025-01-02',0),(235,22,'CO321','2025-01-02',0),(236,23,'CO321','2025-01-02',0),(237,24,'CO321','2025-01-02',0),(238,25,'CO321','2025-01-02',0),(239,26,'CO321','2025-01-02',0),(240,27,'CO321','2025-01-02',0),(241,28,'CO321','2025-01-02',0),(242,29,'CO321','2025-01-02',0),(243,30,'CO321','2025-01-02',0),(244,31,'CO321','2025-01-02',0),(245,32,'CO321','2025-01-02',0),(246,33,'CO321','2025-01-02',0),(247,34,'CO321','2025-01-02',0),(248,35,'CO321','2025-01-02',0),(249,36,'CO321','2025-01-02',0),(250,37,'CO321','2025-01-02',0),(251,38,'CO321','2025-01-02',0),(252,39,'CO321','2025-01-02',0),(253,40,'CO321','2025-01-02',0),(254,41,'CO321','2025-01-02',0),(255,42,'CO321','2025-01-02',0),(256,43,'CO321','2025-01-02',0),(257,44,'CO321','2025-01-02',0),(258,45,'CO321','2025-01-02',0),(259,46,'CO321','2025-01-02',1),(260,47,'CO321','2025-01-02',1),(261,48,'CO321','2025-01-02',0),(262,49,'CO321','2025-01-02',1),(263,50,'CO321','2025-01-02',0),(264,51,'CO321','2025-01-02',0),(265,52,'CO321','2025-01-02',0),(266,53,'CO321','2025-01-02',0),(267,54,'CO321','2025-01-02',1),(268,55,'CO321','2025-01-02',1),(269,56,'CO321','2025-01-02',1),(270,57,'CO321','2025-01-02',1),(271,58,'CO321','2025-01-02',0),(272,59,'CO321','2025-01-02',0),(273,60,'CO321','2025-01-02',0),(274,61,'CO321','2025-01-02',1),(275,62,'CO321','2025-01-02',0),(276,63,'CO321','2025-01-02',0),(277,64,'CO321','2025-01-02',1),(278,65,'CO321','2025-01-02',1),(279,66,'CO321','2025-01-02',1),(280,67,'CO321','2025-01-02',1),(281,68,'CO321','2025-01-02',1),(282,69,'CO321','2025-01-02',1),(283,70,'CO321','2025-01-02',0),(284,71,'CO321','2025-01-02',0),(285,1,'CO321','2025-01-03',1),(286,2,'CO321','2025-01-03',1),(287,3,'CO321','2025-01-03',1),(288,4,'CO321','2025-01-03',1),(289,5,'CO321','2025-01-03',1),(290,6,'CO321','2025-01-03',1),(291,7,'CO321','2025-01-03',0),(292,8,'CO321','2025-01-03',0),(293,9,'CO321','2025-01-03',0),(294,10,'CO321','2025-01-03',0),(295,11,'CO321','2025-01-03',0),(296,12,'CO321','2025-01-03',0),(297,13,'CO321','2025-01-03',0),(298,14,'CO321','2025-01-03',0),(299,15,'CO321','2025-01-03',0),(300,16,'CO321','2025-01-03',0),(301,17,'CO321','2025-01-03',0),(302,18,'CO321','2025-01-03',0),(303,19,'CO321','2025-01-03',0),(304,20,'CO321','2025-01-03',0),(305,21,'CO321','2025-01-03',0),(306,22,'CO321','2025-01-03',0),(307,23,'CO321','2025-01-03',0),(308,24,'CO321','2025-01-03',0),(309,25,'CO321','2025-01-03',0),(310,26,'CO321','2025-01-03',0),(311,27,'CO321','2025-01-03',0),(312,28,'CO321','2025-01-03',0),(313,29,'CO321','2025-01-03',0),(314,30,'CO321','2025-01-03',0),(315,31,'CO321','2025-01-03',0),(316,32,'CO321','2025-01-03',0),(317,33,'CO321','2025-01-03',0),(318,34,'CO321','2025-01-03',0),(319,35,'CO321','2025-01-03',0),(320,36,'CO321','2025-01-03',0),(321,37,'CO321','2025-01-03',0),(322,38,'CO321','2025-01-03',0),(323,39,'CO321','2025-01-03',0),(324,40,'CO321','2025-01-03',0),(325,41,'CO321','2025-01-03',0),(326,42,'CO321','2025-01-03',0),(327,43,'CO321','2025-01-03',0),(328,44,'CO321','2025-01-03',0),(329,45,'CO321','2025-01-03',0),(330,46,'CO321','2025-01-03',0),(331,47,'CO321','2025-01-03',0),(332,48,'CO321','2025-01-03',0),(333,49,'CO321','2025-01-03',0),(334,50,'CO321','2025-01-03',0),(335,51,'CO321','2025-01-03',0),(336,52,'CO321','2025-01-03',0),(337,53,'CO321','2025-01-03',0),(338,54,'CO321','2025-01-03',0),(339,55,'CO321','2025-01-03',0),(340,56,'CO321','2025-01-03',0),(341,57,'CO321','2025-01-03',1),(342,58,'CO321','2025-01-03',1),(343,59,'CO321','2025-01-03',1),(344,60,'CO321','2025-01-03',1),(345,61,'CO321','2025-01-03',1),(346,62,'CO321','2025-01-03',1),(347,63,'CO321','2025-01-03',0),(348,64,'CO321','2025-01-03',0),(349,65,'CO321','2025-01-03',0),(350,66,'CO321','2025-01-03',0),(351,67,'CO321','2025-01-03',0),(352,68,'CO321','2025-01-03',0),(353,69,'CO321','2025-01-03',0),(354,70,'CO321','2025-01-03',0),(355,71,'CO321','2025-01-03',0),(356,1,'CO321','2025-01-04',1),(357,2,'CO321','2025-01-04',1),(358,3,'CO321','2025-01-04',1),(359,4,'CO321','2025-01-04',1),(360,5,'CO321','2025-01-04',0),(361,6,'CO321','2025-01-04',0),(362,7,'CO321','2025-01-04',0),(363,8,'CO321','2025-01-04',0),(364,9,'CO321','2025-01-04',0),(365,10,'CO321','2025-01-04',0),(366,11,'CO321','2025-01-04',0),(367,12,'CO321','2025-01-04',0),(368,13,'CO321','2025-01-04',0),(369,14,'CO321','2025-01-04',0),(370,15,'CO321','2025-01-04',0),(371,16,'CO321','2025-01-04',0),(372,17,'CO321','2025-01-04',0),(373,18,'CO321','2025-01-04',0),(374,19,'CO321','2025-01-04',0),(375,20,'CO321','2025-01-04',0),(376,21,'CO321','2025-01-04',0),(377,22,'CO321','2025-01-04',0),(378,23,'CO321','2025-01-04',0),(379,24,'CO321','2025-01-04',0),(380,25,'CO321','2025-01-04',0),(381,26,'CO321','2025-01-04',0),(382,27,'CO321','2025-01-04',0),(383,28,'CO321','2025-01-04',0),(384,29,'CO321','2025-01-04',0),(385,30,'CO321','2025-01-04',0),(386,31,'CO321','2025-01-04',0),(387,32,'CO321','2025-01-04',0),(388,33,'CO321','2025-01-04',0),(389,34,'CO321','2025-01-04',0),(390,35,'CO321','2025-01-04',0),(391,36,'CO321','2025-01-04',0),(392,37,'CO321','2025-01-04',0),(393,38,'CO321','2025-01-04',0),(394,39,'CO321','2025-01-04',0),(395,40,'CO321','2025-01-04',0),(396,41,'CO321','2025-01-04',0),(397,42,'CO321','2025-01-04',0),(398,43,'CO321','2025-01-04',0),(399,44,'CO321','2025-01-04',0),(400,45,'CO321','2025-01-04',0),(401,46,'CO321','2025-01-04',0),(402,47,'CO321','2025-01-04',0),(403,48,'CO321','2025-01-04',0),(404,49,'CO321','2025-01-04',0),(405,50,'CO321','2025-01-04',0),(406,51,'CO321','2025-01-04',0),(407,52,'CO321','2025-01-04',0),(408,53,'CO321','2025-01-04',0),(409,54,'CO321','2025-01-04',0),(410,55,'CO321','2025-01-04',0),(411,56,'CO321','2025-01-04',0),(412,57,'CO321','2025-01-04',0),(413,58,'CO321','2025-01-04',0),(414,59,'CO321','2025-01-04',0),(415,60,'CO321','2025-01-04',0),(416,61,'CO321','2025-01-04',0),(417,62,'CO321','2025-01-04',0),(418,63,'CO321','2025-01-04',0),(419,64,'CO321','2025-01-04',1),(420,65,'CO321','2025-01-04',1),(421,66,'CO321','2025-01-04',1),(422,67,'CO321','2025-01-04',1),(423,68,'CO321','2025-01-04',0),(424,69,'CO321','2025-01-04',0),(425,70,'CO321','2025-01-04',0),(426,71,'CO321','2025-01-04',0),(427,1,'CO321','2025-01-05',1),(428,2,'CO321','2025-01-05',1),(429,3,'CO321','2025-01-05',1),(430,4,'CO321','2025-01-05',1),(431,5,'CO321','2025-01-05',0),(432,6,'CO321','2025-01-05',0),(433,7,'CO321','2025-01-05',0),(434,8,'CO321','2025-01-05',0),(435,9,'CO321','2025-01-05',1),(436,10,'CO321','2025-01-05',1),(437,11,'CO321','2025-01-05',0),(438,12,'CO321','2025-01-05',0),(439,13,'CO321','2025-01-05',0),(440,14,'CO321','2025-01-05',0),(441,15,'CO321','2025-01-05',0),(442,16,'CO321','2025-01-05',0),(443,17,'CO321','2025-01-05',0),(444,18,'CO321','2025-01-05',0),(445,19,'CO321','2025-01-05',0),(446,20,'CO321','2025-01-05',0),(447,21,'CO321','2025-01-05',0),(448,22,'CO321','2025-01-05',0),(449,23,'CO321','2025-01-05',0),(450,24,'CO321','2025-01-05',0),(451,25,'CO321','2025-01-05',0),(452,26,'CO321','2025-01-05',0),(453,27,'CO321','2025-01-05',1),(454,28,'CO321','2025-01-05',1),(455,29,'CO321','2025-01-05',0),(456,30,'CO321','2025-01-05',0),(457,31,'CO321','2025-01-05',0),(458,32,'CO321','2025-01-05',0),(459,33,'CO321','2025-01-05',0),(460,34,'CO321','2025-01-05',0),(461,35,'CO321','2025-01-05',0),(462,36,'CO321','2025-01-05',0),(463,37,'CO321','2025-01-05',0),(464,38,'CO321','2025-01-05',0),(465,39,'CO321','2025-01-05',0),(466,40,'CO321','2025-01-05',0),(467,41,'CO321','2025-01-05',0),(468,42,'CO321','2025-01-05',0),(469,43,'CO321','2025-01-05',0),(470,44,'CO321','2025-01-05',0),(471,45,'CO321','2025-01-05',0),(472,46,'CO321','2025-01-05',0),(473,47,'CO321','2025-01-05',0),(474,48,'CO321','2025-01-05',0),(475,49,'CO321','2025-01-05',0),(476,50,'CO321','2025-01-05',0),(477,51,'CO321','2025-01-05',0),(478,52,'CO321','2025-01-05',0),(479,53,'CO321','2025-01-05',0),(480,54,'CO321','2025-01-05',0),(481,55,'CO321','2025-01-05',0),(482,56,'CO321','2025-01-05',0),(483,57,'CO321','2025-01-05',1),(484,58,'CO321','2025-01-05',1),(485,59,'CO321','2025-01-05',0),(486,60,'CO321','2025-01-05',0),(487,61,'CO321','2025-01-05',0),(488,62,'CO321','2025-01-05',0),(489,63,'CO321','2025-01-05',0),(490,64,'CO321','2025-01-05',0),(491,65,'CO321','2025-01-05',0),(492,66,'CO321','2025-01-05',0),(493,67,'CO321','2025-01-05',0),(494,68,'CO321','2025-01-05',0),(495,69,'CO321','2025-01-05',1),(496,70,'CO321','2025-01-05',1),(497,71,'CO321','2025-01-05',1),(498,1,'CO321','2025-01-06',0),(499,2,'CO321','2025-01-06',1),(500,3,'CO321','2025-01-06',1),(501,4,'CO321','2025-01-06',1),(502,5,'CO321','2025-01-06',1),(503,6,'CO321','2025-01-06',1),(504,7,'CO321','2025-01-06',1),(505,8,'CO321','2025-01-06',1),(506,9,'CO321','2025-01-06',1),(507,10,'CO321','2025-01-06',0),(508,11,'CO321','2025-01-06',0),(509,12,'CO321','2025-01-06',0),(510,13,'CO321','2025-01-06',0),(511,14,'CO321','2025-01-06',0),(512,15,'CO321','2025-01-06',0),(513,16,'CO321','2025-01-06',0),(514,17,'CO321','2025-01-06',0),(515,18,'CO321','2025-01-06',0),(516,19,'CO321','2025-01-06',0),(517,20,'CO321','2025-01-06',0),(518,21,'CO321','2025-01-06',0),(519,22,'CO321','2025-01-06',0),(520,23,'CO321','2025-01-06',0),(521,24,'CO321','2025-01-06',0),(522,25,'CO321','2025-01-06',0),(523,26,'CO321','2025-01-06',0),(524,27,'CO321','2025-01-06',0),(525,28,'CO321','2025-01-06',0),(526,29,'CO321','2025-01-06',0),(527,30,'CO321','2025-01-06',0),(528,31,'CO321','2025-01-06',0),(529,32,'CO321','2025-01-06',0),(530,33,'CO321','2025-01-06',0),(531,34,'CO321','2025-01-06',0),(532,35,'CO321','2025-01-06',0),(533,36,'CO321','2025-01-06',0),(534,37,'CO321','2025-01-06',0),(535,38,'CO321','2025-01-06',0),(536,39,'CO321','2025-01-06',0),(537,40,'CO321','2025-01-06',0),(538,41,'CO321','2025-01-06',0),(539,42,'CO321','2025-01-06',0),(540,43,'CO321','2025-01-06',0),(541,44,'CO321','2025-01-06',0),(542,45,'CO321','2025-01-06',0),(543,46,'CO321','2025-01-06',0),(544,47,'CO321','2025-01-06',0),(545,48,'CO321','2025-01-06',0),(546,49,'CO321','2025-01-06',0),(547,50,'CO321','2025-01-06',0),(548,51,'CO321','2025-01-06',0),(549,52,'CO321','2025-01-06',1),(550,53,'CO321','2025-01-06',1),(551,54,'CO321','2025-01-06',1),(552,55,'CO321','2025-01-06',1),(553,56,'CO321','2025-01-06',0),(554,57,'CO321','2025-01-06',0),(555,58,'CO321','2025-01-06',0),(556,59,'CO321','2025-01-06',0),(557,60,'CO321','2025-01-06',0),(558,61,'CO321','2025-01-06',0),(559,62,'CO321','2025-01-06',0),(560,63,'CO321','2025-01-06',0),(561,64,'CO321','2025-01-06',0),(562,65,'CO321','2025-01-06',0),(563,66,'CO321','2025-01-06',0),(564,67,'CO321','2025-01-06',1),(565,68,'CO321','2025-01-06',1),(566,69,'CO321','2025-01-06',1),(567,70,'CO321','2025-01-06',1),(568,71,'CO321','2025-01-06',0),(569,1,'CO321','2025-01-24',0),(570,2,'CO321','2025-01-24',0),(571,3,'CO321','2025-01-24',0),(572,4,'CO321','2025-01-24',0),(573,5,'CO321','2025-01-24',0),(574,6,'CO321','2025-01-24',0),(575,7,'CO321','2025-01-24',1),(576,8,'CO321','2025-01-24',1),(577,9,'CO321','2025-01-24',1),(578,10,'CO321','2025-01-24',0),(579,11,'CO321','2025-01-24',0),(580,12,'CO321','2025-01-24',1),(581,13,'CO321','2025-01-24',1),(582,14,'CO321','2025-01-24',1),(583,15,'CO321','2025-01-24',0),(584,16,'CO321','2025-01-24',0),(585,17,'CO321','2025-01-24',0),(586,18,'CO321','2025-01-24',0),(587,19,'CO321','2025-01-24',0),(588,20,'CO321','2025-01-24',0),(589,21,'CO321','2025-01-24',0),(590,22,'CO321','2025-01-24',0),(591,23,'CO321','2025-01-24',0),(592,24,'CO321','2025-01-24',0),(593,25,'CO321','2025-01-24',0),(594,26,'CO321','2025-01-24',0),(595,27,'CO321','2025-01-24',0),(596,28,'CO321','2025-01-24',1),(597,29,'CO321','2025-01-24',1),(598,30,'CO321','2025-01-24',1),(599,31,'CO321','2025-01-24',0),(600,32,'CO321','2025-01-24',0),(601,33,'CO321','2025-01-24',0),(602,34,'CO321','2025-01-24',0),(603,35,'CO321','2025-01-24',0),(604,36,'CO321','2025-01-24',0),(605,37,'CO321','2025-01-24',0),(606,38,'CO321','2025-01-24',0),(607,39,'CO321','2025-01-24',0),(608,40,'CO321','2025-01-24',0),(609,41,'CO321','2025-01-24',0),(610,42,'CO321','2025-01-24',0),(611,43,'CO321','2025-01-24',0),(612,44,'CO321','2025-01-24',0),(613,45,'CO321','2025-01-24',1),(614,46,'CO321','2025-01-24',1),(615,47,'CO321','2025-01-24',1),(616,48,'CO321','2025-01-24',0),(617,49,'CO321','2025-01-24',0),(618,50,'CO321','2025-01-24',0),(619,51,'CO321','2025-01-24',0),(620,52,'CO321','2025-01-24',0),(621,53,'CO321','2025-01-24',0),(622,54,'CO321','2025-01-24',0),(623,55,'CO321','2025-01-24',0),(624,56,'CO321','2025-01-24',0),(625,57,'CO321','2025-01-24',0),(626,58,'CO321','2025-01-24',0),(627,59,'CO321','2025-01-24',0),(628,60,'CO321','2025-01-24',0),(629,61,'CO321','2025-01-24',0),(630,62,'CO321','2025-01-24',0),(631,63,'CO321','2025-01-24',0),(632,64,'CO321','2025-01-24',0),(633,65,'CO321','2025-01-24',0),(634,66,'CO321','2025-01-24',0),(635,67,'CO321','2025-01-24',0),(636,68,'CO321','2025-01-24',0),(637,69,'CO321','2025-01-24',0),(638,70,'CO321','2025-01-24',0),(639,71,'CO321','2025-01-24',0),(640,1,'CO321','2025-01-31',1),(641,2,'CO321','2025-01-31',1),(642,3,'CO321','2025-01-31',1),(643,4,'CO321','2025-01-31',1),(644,5,'CO321','2025-01-31',0),(645,6,'CO321','2025-01-31',0),(646,7,'CO321','2025-01-31',0),(647,8,'CO321','2025-01-31',0),(648,9,'CO321','2025-01-31',0),(649,10,'CO321','2025-01-31',0),(650,11,'CO321','2025-01-31',0),(651,12,'CO321','2025-01-31',0),(652,13,'CO321','2025-01-31',0),(653,14,'CO321','2025-01-31',0),(654,15,'CO321','2025-01-31',0),(655,16,'CO321','2025-01-31',0),(656,17,'CO321','2025-01-31',0),(657,18,'CO321','2025-01-31',1),(658,19,'CO321','2025-01-31',1),(659,20,'CO321','2025-01-31',1),(660,21,'CO321','2025-01-31',0),(661,22,'CO321','2025-01-31',0),(662,23,'CO321','2025-01-31',0),(663,24,'CO321','2025-01-31',0),(664,25,'CO321','2025-01-31',0),(665,26,'CO321','2025-01-31',0),(666,27,'CO321','2025-01-31',0),(667,28,'CO321','2025-01-31',0),(668,29,'CO321','2025-01-31',0),(669,30,'CO321','2025-01-31',0),(670,31,'CO321','2025-01-31',0),(671,32,'CO321','2025-01-31',0),(672,33,'CO321','2025-01-31',0),(673,34,'CO321','2025-01-31',0),(674,35,'CO321','2025-01-31',0),(675,36,'CO321','2025-01-31',0),(676,37,'CO321','2025-01-31',0),(677,38,'CO321','2025-01-31',1),(678,39,'CO321','2025-01-31',1),(679,40,'CO321','2025-01-31',1),(680,41,'CO321','2025-01-31',1),(681,42,'CO321','2025-01-31',1),(682,43,'CO321','2025-01-31',1),(683,44,'CO321','2025-01-31',0),(684,45,'CO321','2025-01-31',0),(685,46,'CO321','2025-01-31',0),(686,47,'CO321','2025-01-31',0),(687,48,'CO321','2025-01-31',0),(688,49,'CO321','2025-01-31',0),(689,50,'CO321','2025-01-31',0),(690,51,'CO321','2025-01-31',1),(691,52,'CO321','2025-01-31',0),(692,53,'CO321','2025-01-31',1),(693,54,'CO321','2025-01-31',1),(694,55,'CO321','2025-01-31',1),(695,56,'CO321','2025-01-31',1),(696,57,'CO321','2025-01-31',0),(697,58,'CO321','2025-01-31',0),(698,59,'CO321','2025-01-31',0),(699,60,'CO321','2025-01-31',0),(700,61,'CO321','2025-01-31',0),(701,62,'CO321','2025-01-31',0),(702,63,'CO321','2025-01-31',0),(703,64,'CO321','2025-01-31',1),(704,65,'CO321','2025-01-31',1),(705,66,'CO321','2025-01-31',1),(706,67,'CO321','2025-01-31',0),(707,68,'CO321','2025-01-31',0),(708,69,'CO321','2025-01-31',0),(709,70,'CO321','2025-01-31',1),(710,71,'CO321','2025-01-31',1),(711,1,'CO321','2025-02-08',1),(712,2,'CO321','2025-02-08',1),(713,3,'CO321','2025-02-08',1),(714,4,'CO321','2025-02-08',1),(715,5,'CO321','2025-02-08',0),(716,6,'CO321','2025-02-08',0),(717,7,'CO321','2025-02-08',0),(718,8,'CO321','2025-02-08',0),(719,9,'CO321','2025-02-08',0),(720,10,'CO321','2025-02-08',0),(721,11,'CO321','2025-02-08',0),(722,12,'CO321','2025-02-08',0),(723,13,'CO321','2025-02-08',0),(724,14,'CO321','2025-02-08',0),(725,15,'CO321','2025-02-08',0),(726,16,'CO321','2025-02-08',0),(727,17,'CO321','2025-02-08',0),(728,18,'CO321','2025-02-08',0),(729,19,'CO321','2025-02-08',0),(730,20,'CO321','2025-02-08',0),(731,21,'CO321','2025-02-08',0),(732,22,'CO321','2025-02-08',0),(733,23,'CO321','2025-02-08',0),(734,24,'CO321','2025-02-08',0),(735,25,'CO321','2025-02-08',0),(736,26,'CO321','2025-02-08',0),(737,27,'CO321','2025-02-08',0),(738,28,'CO321','2025-02-08',0),(739,29,'CO321','2025-02-08',0),(740,30,'CO321','2025-02-08',0),(741,31,'CO321','2025-02-08',1),(742,32,'CO321','2025-02-08',1),(743,33,'CO321','2025-02-08',1),(744,34,'CO321','2025-02-08',1),(745,35,'CO321','2025-02-08',0),(746,36,'CO321','2025-02-08',0),(747,37,'CO321','2025-02-08',0),(748,38,'CO321','2025-02-08',0),(749,39,'CO321','2025-02-08',0),(750,40,'CO321','2025-02-08',0),(751,41,'CO321','2025-02-08',0),(752,42,'CO321','2025-02-08',0),(753,43,'CO321','2025-02-08',0),(754,44,'CO321','2025-02-08',0),(755,45,'CO321','2025-02-08',0),(756,46,'CO321','2025-02-08',0),(757,47,'CO321','2025-02-08',0),(758,48,'CO321','2025-02-08',0),(759,49,'CO321','2025-02-08',0),(760,50,'CO321','2025-02-08',0),(761,51,'CO321','2025-02-08',0),(762,52,'CO321','2025-02-08',0),(763,53,'CO321','2025-02-08',0),(764,54,'CO321','2025-02-08',0),(765,55,'CO321','2025-02-08',0),(766,56,'CO321','2025-02-08',0),(767,57,'CO321','2025-02-08',0),(768,58,'CO321','2025-02-08',0),(769,59,'CO321','2025-02-08',0),(770,60,'CO321','2025-02-08',0),(771,61,'CO321','2025-02-08',0),(772,62,'CO321','2025-02-08',0),(773,63,'CO321','2025-02-08',0),(774,64,'CO321','2025-02-08',0),(775,65,'CO321','2025-02-08',0),(776,66,'CO321','2025-02-08',0),(777,67,'CO321','2025-02-08',0),(778,68,'CO321','2025-02-08',0),(779,69,'CO321','2025-02-08',0),(780,70,'CO321','2025-02-08',0),(781,71,'CO321','2025-02-08',0);
/*!40000 ALTER TABLE `attendance_records` ENABLE KEYS */;
UNLOCK TABLES;

--
-- Table structure for table `student_subjects`
--

DROP TABLE IF EXISTS `student_subjects`;
/*!40101 SET @saved_cs_client     = @@character_set_client */;
/*!50503 SET character_set_client = utf8mb4 */;
CREATE TABLE `student_subjects` (
  `student_id` int NOT NULL,
  `subject_code` varchar(20) NOT NULL,
  PRIMARY KEY (`student_id`,`subject_code`),
  KEY `subject_code` (`subject_code`),
  CONSTRAINT `student_subjects_ibfk_1` FOREIGN KEY (`student_id`) REFERENCES `students` (`id`)
) ENGINE=InnoDB DEFAULT CHARSET=utf8mb4 COLLATE=utf8mb4_0900_ai_ci;
/*!40101 SET character_set_client = @saved_cs_client */;

--
-- Dumping data for table `student_subjects`
--

LOCK TABLES `student_subjects` WRITE;
/*!40000 ALTER TABLE `student_subjects` DISABLE KEYS */;
INSERT INTO `student_subjects` VALUES (1,'CO215'),(2,'CO215'),(3,'CO215'),(4,'CO215'),(5,'CO215'),(6,'CO215'),(7,'CO215'),(8,'CO215'),(9,'CO215'),(10,'CO215'),(11,'CO215'),(12,'CO215'),(13,'CO215'),(14,'CO215'),(15,'CO215'),(16,'CO215'),(17,'CO215'),(18,'CO215'),(19,'CO215'),(20,'CO215'),(21,'CO215'),(22,'CO215'),(23,'CO215'),(24,'CO215'),(25,'CO215'),(26,'CO215'),(27,'CO215'),(28,'CO215'),(29,'CO215'),(30,'CO215'),(31,'CO215'),(32,'CO215'),(33,'CO215'),(34,'CO215'),(35,'CO215'),(36,'CO215'),(37,'CO215'),(38,'CO215'),(39,'CO215'),(40,'CO215'),(41,'CO215'),(42,'CO215'),(43,'CO215'),(44,'CO215'),(45,'CO215'),(46,'CO215'),(47,'CO215'),(48,'CO215'),(49,'CO215'),(50,'CO215'),(51,'CO215'),(52,'CO215'),(53,'CO215'),(54,'CO215'),(55,'CO215'),(56,'CO215'),(57,'CO215'),(58,'CO215'),(59,'CO215'),(60,'CO215'),(61,'CO215'),(62,'CO215'),(63,'CO215'),(64,'CO215'),(65,'CO215'),(66,'CO215'),(67,'CO215'),(68,'CO215'),(69,'CO215'),(70,'CO215'),(71,'CO215'),(1,'CO321'),(2,'CO321'),(3,'CO321'),(4,'CO321'),(5,'CO321'),(6,'CO321'),(7,'CO321'),(8,'CO321'),(9,'CO321'),(10,'CO321'),(11,'CO321'),(12,'CO321'),(13,'CO321'),(14,'CO321'),(15,'CO321'),(16,'CO321'),(17,'CO321'),(18,'CO321'),(19,'CO321'),(20,'CO321'),(21,'CO321'),(22,'CO321'),(23,'CO321'),(24,'CO321'),(25,'CO321'),(26,'CO321'),(27,'CO321'),(28,'CO321'),(29,'CO321'),(30,'CO321'),(31,'CO321'),(32,'CO321'),(33,'CO321'),(34,'CO321'),(35,'CO321'),(36,'CO321'),(37,'CO321'),(38,'CO321'),(39,'CO321'),(40,'CO321'),(41,'CO321'),(42,'CO321'),(43,'CO321'),(44,'CO321'),(45,'CO321'),(46,'CO321'),(47,'CO321'),(48,'CO321'),(49,'CO321'),(50,'CO321'),(51,'CO321'),(52,'CO321'),(53,'CO321'),(54,'CO321'),(55,'CO321'),(56,'CO321'),(57,'CO321'),(58,'CO321'),(59,'CO321'),(60,'CO321'),(61,'CO321'),(62,'CO321'),(63,'CO321'),(64,'CO321'),(65,'CO321'),(66,'CO321'),(67,'CO321'),(68,'CO321'),(69,'CO321'),(70,'CO321'),(71,'CO321'),(1,'CS670'),(2,'CS670'),(3,'CS670'),(4,'CS670'),(5,'CS670'),(6,'CS670'),(7,'CS670'),(8,'CS670'),(9,'CS670'),(10,'CS670'),(11,'CS670'),(12,'CS670'),(13,'CS670'),(14,'CS670'),(15,'CS670'),(16,'CS670'),(17,'CS670'),(18,'CS670'),(19,'CS670'),(20,'CS670'),(21,'CS670'),(22,'CS670'),(23,'CS670'),(24,'CS670'),(25,'CS670'),(26,'CS670'),(27,'CS670'),(28,'CS670'),(29,'CS670'),(30,'CS670'),(31,'CS670'),(32,'CS670'),(33,'CS670'),(34,'CS670'),(35,'CS670'),(36,'CS670'),(37,'CS670'),(38,'CS670'),(39,'CS670'),(40,'CS670'),(41,'CS670'),(42,'CS670'),(43,'CS670'),(44,'CS670'),(45,'CS670'),(46,'CS670'),(47,'CS670'),(48,'CS670'),(49,'CS670'),(50,'CS670'),(51,'CS670'),(52,'CS670'),(53,'CS670'),(54,'CS670'),(55,'CS670'),(56,'CS670'),(57,'CS670'),(58,'CS670'),(59,'CS670'),(60,'CS670'),(61,'CS670'),(62,'CS670'),(63,'CS670'),(64,'CS670'),(65,'CS670'),(66,'CS670'),(67,'CS670'),(68,'CS670'),(69,'CS670'),(70,'CS670'),(71,'CS670');
/*!40000 ALTER TABLE `student_subjects` ENABLE KEYS */;
UNLOCK TABLES;

--
-- Table structure for table `students`
--

DROP TABLE IF EXISTS `students`;
/*!40101 SET @saved_cs_client     = @@character_set_client */;
/*!50503 SET character_set_client = utf8mb4 */;
CREATE TABLE `students` (
  `id` int NOT NULL AUTO_INCREMENT,
  `gr_no` varchar(50) DEFAULT NULL,
  `roll_no` varchar(10) DEFAULT NULL,
  `name` varchar(100) DEFAULT NULL,
  `attendance` tinyint(1) DEFAULT '0',
  `attendance_percentage` decimal(5,2) DEFAULT '0.00',
  PRIMARY KEY (`id`)
) ENGINE=InnoDB AUTO_INCREMENT=72 DEFAULT CHARSET=utf8mb4 COLLATE=utf8mb4_0900_ai_ci;
/*!40101 SET character_set_client = @saved_cs_client */;

--
-- Dumping data for table `students`
--

LOCK TABLES `students` WRITE;
/*!40000 ALTER TABLE `students` DISABLE KEYS */;
INSERT INTO `students` VALUES (1,'AIDS202301','1','ADITYA SANTOSH',0,0.00),(2,'AIDS202302','2','ADSARE SAMARTH GANESH',0,0.00),(3,'AIDS202303','3','BADHE YASH RAJENDRA',0,0.00),(4,'AIDS202304','4','BADWAL SAMREET KAUR AMARDEEP SINGH',0,0.00),(5,'AIDS202305','5','BATHIJA MONISH KISHIN',0,0.00),(6,'AIDS202306','6','BELANI VANDITA NARENDRA',0,0.00),(7,'AIDS202307','7','BHADURI KINNSHUK ARUP',0,0.00),(8,'AIDS202308','8','BHAVSAR NEEL RAHUL',0,0.00),(9,'AIDS202309','9','BHOLE SHRAVANI VIVEK',0,0.00),(10,'AIDS202310','10','BUDHANI MOHIT LAKHAN',0,0.00),(11,'AIDS202311','11','BUDHWANI PALAK MANOJ',0,0.00),(12,'AIDS202312','12','CHOUDHARY PUSHPENDAR KANARAM',0,0.00),(13,'AIDS202313','13','DADLANI MAHEK CHANDU',0,0.00),(14,'AIDS202314','14','DALAL ANUJ RAJESH',0,0.00),(15,'AIDS202315','15','DEMBLA TANISHA BHAGWANDAS',0,0.00),(16,'AIDS202316','16','DUMBRE ISHIKA PRAVEEN',0,0.00),(17,'AIDS202317','17','GANGWANI SNEHA MUKESH',0,0.00),(18,'AIDS202318','18','GHALSASI MANASI YOGESH',0,0.00),(19,'AIDS202319','19','GHANWAT ARYAN JOTIRAM',0,0.00),(20,'AIDS202320','20','GODAMBE OJAS MILIND',0,0.00),(21,'AIDS202321','21','GOPALE SHASHANK ANILKUMAR',0,0.00),(22,'AIDS202322','22','GOSAVI NISHANT SANTOSH',0,0.00),(23,'AIDS202323','23','ISRANI SURAJ SHYAMKUMAR',0,0.00),(24,'AIDS202324','24','JOSHI ADITI UDAY',0,0.00),(25,'AIDS202325','25','KADAPUR SURAJ JITENDRA',0,0.00),(26,'AIDS202326','26','KATARIA MAHIMA AMIT',0,0.00),(27,'AIDS202327','27','KHADE LAUKIK RAJESH',0,0.00),(28,'AIDS202328','28','KUKREJA PALAK SANJAY',0,0.00),(29,'AIDS202329','29','KUNDU UDAYAN UTTAM',0,0.00),(30,'AIDS202330','30','LALWANI YASH SHRICHAND',0,0.00),(31,'AIDS202331','31','MALDAR SAMIULLAH ALTAF',0,0.00),(32,'AIDS202332','32','MANKANI PRATHAM PREM',0,0.00),(33,'AIDS202333','33','MATLANI HIMANSHU SANJAY',0,0.00),(34,'AIDS202334','34','MEDIDAR CHAITANYA ANANDA',0,0.00),(35,'AIDS202335','35','MHATRE ADITYA YATIN',0,0.00),(36,'AIDS202336','36','MOHARIL CHAITANYA NIKHIL',0,0.00),(37,'AIDS202337','37','MOTWANI HIREN ANAND',0,0.00),(38,'AIDS202338','38','MURPANI YASHIKA HANS',0,0.00),(39,'AIDS202339','39','NAIR KEERTHANA KRISHNAKUMAR',0,0.00),(40,'AIDS202340','40','NANWANI MAHEK MAHENDRAKUMAR',0,0.00),(41,'AIDS202341','41','PATIL POURAS RAMESH',0,0.00),(42,'AIDS202342','42','PATIL RUSHIL RAJESH',0,0.00),(43,'AIDS202343','43','PENDHARE SWARAJ SUNIL',0,0.00),(44,'AIDS202344','44','PUNJABI YASH AMBRATLAL',0,0.00),(45,'AIDS202345','45','RAGHUWANSHI VIDHI DINESH',0,0.00),(46,'AIDS202346','46','RAIKWAR MAHI HIMMATKUMAR',0,0.00),(47,'AIDS202347','47','RAJANI PALAK SUNIL',0,0.00),(48,'AIDS202348','48','RAKTE SARVESH SUNIL',0,0.00),(49,'AIDS202349','49','SARODE SAURABH JAGDISH',0,0.00),(50,'AIDS202350','50','SAW SHWETA PAPPU',0,0.00),(51,'AIDS202351','51','SHETTY DHRUV DEEPAK',0,0.00),(52,'AIDS202352','52','SIRWANI NIDHISH MANOJ',0,0.00),(53,'AIDS202353','53','SOMAI DEV KAMAL',0,0.00),(54,'AIDS202354','54','SOMAI TANISHA KIRAN',0,0.00),(55,'AIDS202355','55','SONAWANE NIKUNJA NIVRUTTI',0,0.00),(56,'AIDS202356','56','SUMITHRA RYAN SHELDEN',0,0.00),(57,'AIDS202357','57','TAHALRAMANI PRANJAL BHIMCHAND',0,0.00),(58,'AIDS202358','58','TEJWANI MANNAT GIRISH',0,0.00),(59,'AIDS202359','59','VARSHNEY ANIRUDHA',0,0.00),(60,'AIDS202360','60','VASWANI DAKSH SANJAY',0,0.00),(61,'AIDS202361','61','VILANKAR SOHAM MILIND',0,0.00),(62,'AIDS202362','62','YADAV SHIVKANT',0,0.00),(63,'AIDS202363','63','YADAV SHREYA AVADHESH',0,0.00),(64,'AIDS202364','64','MISHRA ASHWINIKUMAR SUNILKUMAR',0,0.00),(65,'AIDS202365','65','KANJANI KAPIL SANJAY',0,0.00),(66,'AIDS202366','66','FATNANI JAYESH GHANSHYAM',0,0.00),(67,'AIDS202367','67','KHAN NAMRAH MEHBOOB',0,0.00),(68,'AIDS202368','68','SUNDARAM KRISHNAN',0,0.00),(69,'AIDS202369','69','DAWARA SHERIL',0,0.00),(70,'AIDS202370','70','NAGDEV ARYAN VIJAY',0,0.00),(71,'AIDS202371','71','WARANG KHUSHI BABURAO',0,0.00);
/*!40000 ALTER TABLE `students` ENABLE KEYS */;
UNLOCK TABLES;

--
-- Table structure for table `users`
--

DROP TABLE IF EXISTS `users`;
/*!40101 SET @saved_cs_client     = @@character_set_client */;
/*!50503 SET character_set_client = utf8mb4 */;
CREATE TABLE `users` (
  `id` int NOT NULL AUTO_INCREMENT,
  `username` varchar(50) NOT NULL,
  `password` varchar(255) NOT NULL,
  PRIMARY KEY (`id`)
) ENGINE=InnoDB AUTO_INCREMENT=2 DEFAULT CHARSET=utf8mb4 COLLATE=utf8mb4_0900_ai_ci;
/*!40101 SET character_set_client = @saved_cs_client */;

--
-- Dumping data for table `users`
--

LOCK TABLES `users` WRITE;
/*!40000 ALTER TABLE `users` DISABLE KEYS */;
INSERT INTO `users` VALUES (1,'Keerthana Nair','1234');
/*!40000 ALTER TABLE `users` ENABLE KEYS */;
UNLOCK TABLES;
/*!40103 SET TIME_ZONE=@OLD_TIME_ZONE */;

/*!40101 SET SQL_MODE=@OLD_SQL_MODE */;
/*!40014 SET FOREIGN_KEY_CHECKS=@OLD_FOREIGN_KEY_CHECKS */;
/*!40014 SET UNIQUE_CHECKS=@OLD_UNIQUE_CHECKS */;
/*!40101 SET CHARACTER_SET_CLIENT=@OLD_CHARACTER_SET_CLIENT */;
/*!40101 SET CHARACTER_SET_RESULTS=@OLD_CHARACTER_SET_RESULTS */;
/*!40101 SET COLLATION_CONNECTION=@OLD_COLLATION_CONNECTION */;
/*!40111 SET SQL_NOTES=@OLD_SQL_NOTES */;

-- Dump completed on 2025-02-17 23:43:19
